,NU,PU,PM,PS,SS,Attentional,Motor,Nonplanning,attention,cogstable,motor,perseverance,selfcontrol,cogcomplex,UPPS,BIS,GMK
auc_ave,0.7292586008391668,0.8902231156756559,0.4102292852355226,0.14280354219935049,0.7461050933824599,0.909981415691707,0.3200897595855266,0.10971763147717126,0.6153788269722449,0.6268469635074739,0.9423908190038996,0.02950517111294535,0.03491744194070611,0.5617691341952659,0.17300763478258532,0.22028776690670018,0.233418090747579
auc_delta,0.6302721383988124,0.4448240849267323,0.6215098597149377,0.3103263825540725,0.6366131859260621,0.193188432307779,0.80595493726989,0.4321229925174882,0.09097575700302098,0.9832102548554473,0.6934534065883096,0.38585316790141644,0.9355417096817924,0.16921558858032387,0.6335523414786357,0.9314675923114321,0.17514614720371036
std_wtw_ave,0.13853564972764865,0.0005651270574851324,0.037491993912833414,0.2525901048566977,0.001955490584006694,0.003015247815461895,0.04929538696478282,0.42992100426709257,0.019111712213943637,0.0045658828300063,0.006853563030249699,0.5496891332448225,0.7671253624139683,0.4157676263530772,0.004158978997128407,0.016284575783399917,0.03333775000167015
