,NU,PU,PM,PS,SS,Attentional,Motor,Nonplanning,attention,cogstable,motor,perseverance,selfcontrol,cogcomplex,UPPS,BIS,GMK
auc_ave,0.16137144629567174,0.11689120174128198,0.06522311034529725,0.02694118575765082,0.2940098360865117,0.6906214445903994,0.4923165628458631,0.04080634131223268,0.5599489466111334,0.5757918737153809,0.846498874435988,0.2159171917975507,0.009398800017584415,0.2792947271264342,0.006470855388169099,0.1390746538905979,0.7785970005633736
auc_delta,0.3592340801618815,0.22638956122786505,0.8768789207649119,0.35543485698533883,0.9736684525714523,0.3126037402075886,0.6544210811933262,0.2666919640997455,0.09472412174978537,0.9452122049926248,0.42807523570669137,0.7911624668000016,0.13612643940264008,0.7506483115549851,0.5333499353341253,0.37902890218572427,0.09874907218494638
std_wtw_ave,0.6311557033083648,0.0218236155378601,0.24997669194051347,0.47433858365443526,0.4363120209596346,0.17198742256656066,0.9109746091565499,0.524506625997896,0.30911915730302547,0.09161154966410386,0.5031810215108499,0.20869036356310972,0.7328877116575052,0.39031278504160405,0.23147634648877358,0.9493623684077435,0.2702893175827952
std_wtw_mw_ave,0.6214524299632449,0.006329268164550104,0.1775641264002188,0.6277708777906793,0.27849412881220736,0.19752742741276066,0.9083416723969648,0.5635974613734107,0.36846059161030076,0.0949417545907424,0.32137984382327117,0.1961468095530188,0.5370097674733885,0.5987702837348718,0.15926201371236642,0.7990335300451008,0.11535604920044187
