,NU,PU,PM,PS,SS,Attentional,Motor,Nonplanning,attention,cogstable,motor,perseverance,selfcontrol,cogcomplex,UPPS,BIS,GMK
auc_ave,0.6158285318695143,0.7219488348062202,0.3118181920864985,0.14155025930135853,0.39802000559071593,0.8925671959645793,0.4126147346680028,0.1874898864675263,0.6671784566067985,0.5818528416071618,0.9179553414055794,0.07436813891750922,0.033726683595393846,0.8584479541670426,0.09683469855151704,0.3098122448422529,0.24876432319986833
auc_delta,0.31281688485317743,0.5119589376674436,0.8328554287325687,0.4386356748002449,0.4407322683800208,0.3738460501110141,0.6661837945974252,0.28150812228852773,0.24123810599165946,0.9463406146353164,0.9340218433387992,0.5626653513218849,0.8711132011329047,0.09294108032626798,0.7766865816773043,0.7621208494144324,0.178521830349873
std_wtw_ave,0.32052336849215834,0.0012726622438472715,0.1390063148108492,0.5951587078328596,0.0015053681009875512,0.0027435095879883025,0.1715437431703267,0.9118822911739319,0.01711676108550473,0.005600046464771598,0.02743471231565829,0.31795587750374915,0.7631729913757451,0.9438929472139934,0.012247176312833287,0.07303305617223,0.12639356765162535
std_wtw_mw_ave,0.37312828040104906,0.0013565679931350594,0.10289408823417566,0.7336599314393534,0.0005860465321577495,0.004033968500538756,0.10320759520278272,0.9432835528193997,0.021032401495137732,0.007809898092607332,0.017626704507633227,0.5395163972359975,0.8480427631048526,0.8603879922364586,0.013263816127707719,0.05789366401857052,0.17136545090689198
