,NU,PU,PM,PS,SS,attention,cogstable,motor,perseverance,selfcontrol,cogcomplex,UPPS,BIS,GMK
alpha,0.28625654651270077,0.9980114265899156,0.6477490738826761,0.7376875014136997,0.14718890881982558,0.6038979380200808,0.46898297027229674,0.7861567394983018,0.6935467785515596,0.39108825297610905,0.4852530902626956,0.8882860367369736,0.5415106872781219,0.1919833534361257
nu,0.917710530389705,0.5767197333240696,0.39951378925419234,0.5229243742764439,0.7150886433192369,0.5280018008871318,0.8926608789967223,0.6483078381446312,0.9737235974649968,0.46353479457329794,0.3498467714795418,0.7046012630444081,0.9692709762723868,0.3351472650629249
tau,0.548453094224964,0.0926694689808269,0.5322451453799284,0.649483875220431,0.9165371966972987,0.036723724849981494,0.026748427041641095,0.43054174780760945,0.2818873149236972,0.6866187214513857,0.2693675737311988,0.5338579526079663,0.18613796690004872,0.12306289287639274
gamma,0.9087693244421389,0.8935972945245284,0.4276258837495802,0.6779199736261514,0.4028189971748142,0.31566540823889677,0.7118183861779686,0.3957726020744471,0.8450535934473257,0.6128964564005377,0.32292945679759544,0.7632182659222272,0.8573213236712037,0.3206237626012841
eta,0.6125956767615315,0.9264533101978407,0.6684415155156342,0.38023143011245786,0.5364032926969426,0.21018850302884493,0.7127425211786859,0.5300370286235944,0.2596078339540811,0.6853556938554957,0.3365167537210243,0.340519264038172,0.853791630471579,0.3948464418743163
