,NU,PU,PM,PS,SS,Attentional,Motor,Nonplanning,attention,cogstable,motor,perseverance,selfcontrol,cogcomplex,UPPS,BIS,GMK
auc_ave,-0.08796315960492249,-0.09824088042808748,-0.115412316809064,-0.13828481627517683,-0.06583636597896547,-0.024994171223223578,-0.043105309128199126,-0.1279435289985572,-0.03659923491057216,-0.03513250883444466,-0.012158272866159472,-0.07760420191455636,-0.16204360897470224,-0.06787321735572957,-0.170106835206938,-0.09270733526665942,0.0177268353533362
auc_delta,-0.05764931029978456,-0.07586924816500225,-0.009730322507210164,0.05799135486397962,0.0020731241226624774,0.06335748484058681,-0.028108833322643755,0.06967613540983532,0.10466190724759411,-0.004316125366124316,-0.0497433653086108,-0.016630327940926105,0.0934016043317054,0.01995722788892038,-0.03918507313827594,0.05520867191523526,-0.10382170036761157
std_wtw_ave,0.030206624427990592,0.1432997142159858,0.07215974162878377,0.04491208294825932,0.04886230429577787,0.08562753388794686,-0.007022361608691749,-0.03995552195173377,0.06381448562134606,0.10565658889321886,0.042030509351306894,-0.07883688515794458,-0.021432860605034007,-0.05391543023481638,0.07519508119377798,0.00398872454619018,0.06942946417103171
std_wtw_mw_ave,0.03106768366102852,0.170224457421632,0.0845311004182791,0.030446142272998224,0.06798608688378434,0.08080293137946115,0.007230950161587962,-0.03625972224513625,0.05644143252810149,0.10459333846487444,0.06222107148635119,-0.08105164721397916,-0.03875899619222023,-0.033038312087766045,0.08840636305649063,0.015989613867217464,0.09904268122072153
