,NU,PU,PM,PS,SS,attention,cogstable,motor,perseverance,selfcontrol,cogcomplex,UPPS,BIS,GMK
HP,-0.039574213458546836,0.0008275813183237411,-0.03520624018919984,-0.07379731549435296,-0.01595760098968266,0.057347421822720665,-0.036710300665181474,0.0063598039742625645,-0.14401120238442214,-0.14142784889405377,-0.063026108883726,-0.07794087962601715,-0.08561284000450971,0.04121413153892371
LP,-0.0020675495416334197,-0.021726164305837296,-0.04874439117076875,-0.08955969811312015,-0.033782377374145425,-0.005069605690609395,-0.021882401707273704,0.010757819510515822,-0.08630134918073286,-0.08430917548653415,0.003357944282931398,-0.07979147287009233,-0.04465145396565407,0.10076847215441548
