,NU,PU,PM,PS,SS,Attentional,Motor,Nonplanning,attention,cogstable,motor,perseverance,selfcontrol,cogcomplex,UPPS,BIS,GMK
auc_ave,-0.109803619,-0.062063301,-0.105583782,-0.096762472,-0.074071354,-0.040460146,-0.053769738,-0.173680464,-0.035590713,-0.066880476,-0.035369601,-0.066155168,-0.15661474,-0.119733102,-0.157572182,-0.100137635,0.029279572
auc_delta,-0.012802665,-0.117662264,-0.012913882,0.035071825,0.011257402,0.063318879,0.05317573,0.0583062,0.080639836,0.028599664,0.024945758,0.050906931,0.074970456,0.016175115,-0.021626819,0.066922876,-0.06158609
std_wtw_ave,0.070618658,0.120881224,0.124127987,0.069657313,0.062074267,0.09664409,0.121591634,-0.047250946,0.044521531,0.121805252,0.123527403,0.070638309,-0.006783842,-0.070310733,0.109675708,0.056135798,0.077371616