,NU,PU,PM,PS,SS,Attentional,Motor,Nonplanning,attention,cogstable,motor,perseverance,selfcontrol,cogcomplex,UPPS,BIS,GMK
auc_ave,-0.020700401,-0.008240884,-0.049139321,-0.087330804,-0.019330442,0.006750639,-0.059313891,-0.095283522,0.029991222,-0.029022142,0.0043148,-0.129417804,-0.125445236,-0.034633183,-0.08136864,-0.073090065,0.072091031
auc_delta,-0.028785525,0.045597575,0.029472176,0.060520553,0.028202845,0.077575321,-0.014666369,-0.046878734,0.100666459,0.001256519,0.023532052,-0.051741909,0.004828838,-0.081944324,0.028509891,0.005134774,-0.081996727
std_wtw_ave,0.088428007,0.203700282,0.123736941,0.068231252,0.183340746,0.175724765,0.116984425,0.047103037,0.139234464,0.168134847,0.160396774,-0.035707543,0.017680402,0.048560932,0.170168,0.142712177,0.128376066