,NU,PU,PM,PS,SS,Attentional,Motor,Nonplanning,attention,cogstable,motor,perseverance,selfcontrol,cogcomplex,UPPS,BIS,GMK
alpha,-0.07815861762564119,-0.02527931414868628,-0.032709808189825766,-0.05211548227715157,0.05265623811011411,-0.08617135361437701,-0.0673568218211447,-0.1181519126569166,-0.06548719156190322,-0.07699904924829969,-0.0756421646695019,-0.053327931672513824,-0.12525996714275126,-0.06969442491266167,-0.03208086184511701,-0.111848578680983,-0.0605230110149519
tau,-0.016544211587668955,-0.09329016812072237,-0.04137654807058693,0.03267410098064599,-0.024941144781941833,-0.09452560608760303,-0.08754937493370238,-0.04627909525974932,-0.062199681185421636,-0.10063087593746255,-0.136705387973778,0.011939077813749562,-0.0023095540810625453,-0.06284692370685026,-0.02144416458052536,-0.0808737465328976,-0.16854795185759827
gamma,0.07612487310526694,0.05146707244655028,-0.0929878131707386,0.009688187517497506,0.01772369992403462,-0.02172964343590514,-0.016683259872279838,0.004904213293970885,-0.027842226995294754,-0.0020674119668837505,-0.07993277737196698,0.025290099894048318,-0.021590722570011663,0.04468702905490717,0.04447687012753474,-0.005443060868176062,-0.009860252735447736
eta,-0.002506284337958391,0.04164072861975399,0.00613767170261896,-0.05317437039817349,0.02091381580492004,0.06626305924350302,0.04981073207258115,0.013388833150229774,0.033464713660816416,0.08795908616263956,0.08182120604775699,-0.027523012833380694,-0.02437253946823897,0.035163761770985964,-0.019267415659418727,0.04131991205829083,0.17745148955272144
