,NU,PU,PM,PS,SS,attention,cogstable,motor,perseverance,selfcontrol,cogcomplex,UPPS,BIS,GMK
alpha,-0.0002867554522547349,-0.06420419196034181,0.011510398822636946,0.03407027834931142,0.035575429024838144,0.09526304786446567,0.02382486660501026,-0.06339511966487854,0.06662725961455188,0.0518145061027282,-0.018072877544545087,0.009887296417398288,0.037206712265364365,0.007340575043051152
nu,0.015803783698570436,0.057874106344121504,-0.05651740804375987,-0.026460028300937334,0.04801891832384057,-0.006127056240035273,0.04833621602177607,0.041244105169427864,-0.031765176793752584,-0.13726171795800454,0.004601921271990035,-0.008137436081101412,-0.02320549993603816,-0.012234291738418586
tau,0.030520408405161976,-0.1376896751663308,-0.09321964229674015,-0.012345330442008548,-0.036838236627350515,-0.013375152494195621,-0.043294778123549045,-0.03138453075660324,-0.012965265515098214,0.03141941213147073,0.07455566722114922,-0.04516847904399201,0.018960907787904963,-0.20125409909698572
gamma,-0.01479281374646068,-0.004607601885566405,-0.08238373658014235,-0.030426328821880087,0.018701021170914926,-0.0074217666068951416,-0.011724650055051555,-0.04451408094549994,-0.03895147794654953,-0.003938069377590231,-0.005663967813601846,-0.024730996956559066,-0.04883540512703332,0.1457410003339114
eta,-0.07101027826353053,0.04263568172696552,-0.04196361584023778,-0.04272806433108605,0.014470176210293425,-0.0065627110664819195,-0.006057976882177295,-0.007741579294869556,-0.017775968563974773,-0.09198593285009142,-0.11332267935868486,-0.06266708240696077,-0.06606943675214788,0.2130296048952136
