,NU,PU,PM,PS,SS,attention,cogstable,motor,perseverance,selfcontrol,cogcomplex,UPPS,BIS
HP,-0.1895877922116542,-0.3387092594795304,-0.2599851420057994,-0.09252040207669877,-0.018515942928176717,-0.054456877691489255,-0.01571857522510312,-0.14044053924087102,0.08459845184803567,-0.0625063062390558,-0.15417695346046154,-0.2960835499359384,-0.12068123286031025
LP,-0.055150260798800955,0.011859765650804734,-0.2552044525367907,-0.04049525197278001,-0.059054636157290896,-0.16975229842893919,0.07144806920501416,0.00028257653770799004,-0.06499812910300526,-0.15882284176196454,-0.1736608541724979,-0.12415050887044081,-0.16357142711728462
