id,batch,cb,sell_RT_median,sell_RT_mean,tasktime_block1,tasktime_block2
s1029,1,A,3.2975000000000003,3.4703488372093028,425.04200000000003,470.972
s1039,1,D,0.6925,2.3152156862745095,417.547,545.289
s1147,2,C,3.5725,7.090985714285713,263.225,382.046
s1196,2,B,2.86,7.083323943661972,312.408,370.53999999999996
