,NU,PU,PM,PS,SS,Attentional,Motor,Nonplanning,attention,cogstable,motor,perseverance,selfcontrol,cogcomplex,UPPS,BIS,GMK
auc_ave,-0.0639925028447941,-0.019992185992664013,0.012214062225205265,-0.07302392464476079,0.008106758109736812,-0.03704373800091518,0.024593294708197388,-0.012673417938388727,-0.02007875867418329,-0.04675587129488775,0.05060813016554282,-0.037710588767816904,0.02981334648130912,-0.041043410009077054,-0.04058502275253347,-0.019757866389760396,-0.10632423563468943
auc_delta,0.0028052975962436534,0.032344416338944415,0.1199965617770957,0.0026868508744292865,0.0417252675534458,-0.08860604060236321,0.059291094773672864,-0.042518866248396334,-0.11239210240499857,-0.025336530451604982,0.07725203763202784,0.025418404031665377,-0.03246486354957789,-0.04835020942986505,0.02793230953485806,-0.03743967850369366,-0.16144691333689704
std_wtw_ave,-0.0033024931977169362,0.08870012185223732,0.061184060080153174,0.03769752721661298,-0.08252264024526959,-0.04474281388151178,-0.04790013120825079,0.002727082477423531,0.01981020446475618,-0.08511994228378669,-0.01886980591853899,-0.08605402649923202,-0.004863998276130882,0.019730296579210032,-0.011036334456364935,-0.04520827788878053,-0.1159246615919154
std_wtw_mw_ave,0.0026681401889406785,0.07264738889786071,0.07557437588053997,0.044993476393620405,-0.121421364328786,-0.05759037793477548,0.0022889490526173915,-0.019589900347665255,0.0201718863435814,-0.12090158588220751,0.025525936088434592,-0.058227402260821494,0.0009775576793291055,-0.010944047938828354,-0.012477159497903945,-0.04656231948044488,-0.10848502746847061
