,auc_delta,auc1_delta,auc2_delta,auc_ave,auc1_ave,auc2_ave,auc_HP,auc1_HP,auc2_HP,std_wtw_HP,std_wtw1_HP,std_wtw2_HP,auc_LP,auc1_LP,auc2_LP,std_wtw_LP,std_wtw1_LP,std_wtw2_LP
spearman_rho,0.404290885,0.332663604,0.336714227,0.711514363,0.694554844,0.659668126,0.652895689,0.631882535,0.571342571,0.472452203,0.398051813,0.353716464,0.665599488,0.601352078,0.662759772,0.48526308,0.401717055,0.478104276
pearson_rho,0.403142106,0.289409723,0.3859226,0.715026668,0.697839196,0.664366171,0.658897834,0.635463063,0.583643108,0.472878146,0.393579877,0.315643793,0.676816671,0.638278936,0.631965219,0.479473593,0.383560186,0.433311092
abs_icc,0.40387361,0.28776272,0.38596374,0.714733603,0.696887823,0.664461279,0.658348266,0.635519859,0.583415998,0.468564914,0.392312485,0.315302243,0.676473994,0.634750564,0.632858734,0.47397054,0.378654094,0.434077374
con_icc,0.403032034,0.288989613,0.385629124,0.714855435,0.697813447,0.664001042,0.657949546,0.63473595,0.583352472,0.471281511,0.393077179,0.315192964,0.676642925,0.637621304,0.631961586,0.479244102,0.383472845,0.43311708