id,batch,cb,sell_RT_median,sell_RT_mean,tasktime_block1,tasktime_block2,worker_id
s0001,1,A,0.8345,1.3243999999999998,262.356,295.13800000000003,ADVJB810K4OYR
s0094,2,C,0.8525,0.8386020408163267,461.406,448.537,A17K1CHOI773VZ
s0140,2,A,1.795,2.3789583333333333,479.1459999999999,390.964,A1Y8BGDLPNYP0K
s0183,2,D,1.216,1.2849275362318842,547.0840000000001,544.961,AU34T9OMHN4Z4
