block,condition,auc,std_wtw,id,sess,key
1,LP,5.81395707874376,2.3027254775727033,s1001,2,"('s1001', 2)"
2,HP,6.660027205568065,2.528152191390619,s1001,2,"('s1001', 2)"
1,LP,12.0,0.0,s1003,2,"('s1003', 2)"
2,HP,11.950715226921421,0.19963122551278162,s1003,2,"('s1003', 2)"
1,LP,5.967023643583802,2.0192709395238806,s1004,2,"('s1004', 2)"
2,HP,7.504872246041158,2.0627870357919886,s1004,2,"('s1004', 2)"
1,LP,11.262969193409447,2.0293582564898704,s1007,2,"('s1007', 2)"
2,HP,11.24520669794021,1.9410102292795777,s1007,2,"('s1007', 2)"
